{"frames": {

"num_result_0001.png":
{
	"frame": {"x":1,"y":1,"w":70,"h":81},
	"rotated": false,
	"trimmed": false,
	"spriteSourceSize": {"x":0,"y":0,"w":70,"h":81},
	"sourceSize": {"w":70,"h":81},
	"pivot": {"x":0.5,"y":0.5}
},
"num_result_0002.png":
{
	"frame": {"x":73,"y":1,"w":70,"h":81},
	"rotated": false,
	"trimmed": false,
	"spriteSourceSize": {"x":0,"y":0,"w":70,"h":81},
	"sourceSize": {"w":70,"h":81},
	"pivot": {"x":0.5,"y":0.5}
},
"num_result_0003.png":
{
	"frame": {"x":145,"y":1,"w":70,"h":81},
	"rotated": false,
	"trimmed": false,
	"spriteSourceSize": {"x":0,"y":0,"w":70,"h":81},
	"sourceSize": {"w":70,"h":81},
	"pivot": {"x":0.5,"y":0.5}
},
"num_result_0004.png":
{
	"frame": {"x":217,"y":1,"w":70,"h":81},
	"rotated": false,
	"trimmed": false,
	"spriteSourceSize": {"x":0,"y":0,"w":70,"h":81},
	"sourceSize": {"w":70,"h":81},
	"pivot": {"x":0.5,"y":0.5}
},
"num_result_0005.png":
{
	"frame": {"x":289,"y":1,"w":70,"h":81},
	"rotated": false,
	"trimmed": false,
	"spriteSourceSize": {"x":0,"y":0,"w":70,"h":81},
	"sourceSize": {"w":70,"h":81},
	"pivot": {"x":0.5,"y":0.5}
},
"num_result_0006.png":
{
	"frame": {"x":361,"y":1,"w":70,"h":81},
	"rotated": false,
	"trimmed": false,
	"spriteSourceSize": {"x":0,"y":0,"w":70,"h":81},
	"sourceSize": {"w":70,"h":81},
	"pivot": {"x":0.5,"y":0.5}
},
"num_result_0007.png":
{
	"frame": {"x":433,"y":1,"w":70,"h":81},
	"rotated": false,
	"trimmed": false,
	"spriteSourceSize": {"x":0,"y":0,"w":70,"h":81},
	"sourceSize": {"w":70,"h":81},
	"pivot": {"x":0.5,"y":0.5}
},
"num_result_0008.png":
{
	"frame": {"x":505,"y":1,"w":70,"h":81},
	"rotated": false,
	"trimmed": false,
	"spriteSourceSize": {"x":0,"y":0,"w":70,"h":81},
	"sourceSize": {"w":70,"h":81},
	"pivot": {"x":0.5,"y":0.5}
},
"num_result_0009.png":
{
	"frame": {"x":577,"y":1,"w":70,"h":81},
	"rotated": false,
	"trimmed": false,
	"spriteSourceSize": {"x":0,"y":0,"w":70,"h":81},
	"sourceSize": {"w":70,"h":81},
	"pivot": {"x":0.5,"y":0.5}
},
"num_result_0010.png":
{
	"frame": {"x":649,"y":1,"w":70,"h":81},
	"rotated": false,
	"trimmed": false,
	"spriteSourceSize": {"x":0,"y":0,"w":70,"h":81},
	"sourceSize": {"w":70,"h":81},
	"pivot": {"x":0.5,"y":0.5}
},
"num_result_0011.png":
{
	"frame": {"x":721,"y":1,"w":70,"h":81},
	"rotated": false,
	"trimmed": false,
	"spriteSourceSize": {"x":0,"y":0,"w":70,"h":81},
	"sourceSize": {"w":70,"h":81},
	"pivot": {"x":0.5,"y":0.5}
},
"num_result_0012.png":
{
	"frame": {"x":793,"y":1,"w":70,"h":81},
	"rotated": false,
	"trimmed": false,
	"spriteSourceSize": {"x":0,"y":0,"w":70,"h":81},
	"sourceSize": {"w":70,"h":81},
	"pivot": {"x":0.5,"y":0.5}
},
"num_result_0013.png":
{
	"frame": {"x":865,"y":1,"w":70,"h":81},
	"rotated": false,
	"trimmed": false,
	"spriteSourceSize": {"x":0,"y":0,"w":70,"h":81},
	"sourceSize": {"w":70,"h":81},
	"pivot": {"x":0.5,"y":0.5}
}},
"meta": {
	"app": "http://www.codeandweb.com/texturepacker",
	"version": "1.0",
	"image": "img_num_result.png",
	"format": "RGBA8888",
	"size": {"w":936,"h":83},
	"scale": "1",
	"smartupdate": "$TexturePacker:SmartUpdate:34caeffada2660e8746e371d48135acb:4b458de2e6858b1e6352cae6841814ec:aeaae197f506e3bf8c196def0dad80e0$"
}
}
