{
  "width": 640,
  "height": 360,
  "fps": 60,
  "assets": {
    "before_the_start": {
      "type": "image",
      "width": 642,
      "height": 1810,
      "path": "files/e5b7778d9a3c45c29469.png",
      "hint": {
        "untainted": true
      },
      "virtualPath": "image/before_the_start.png"
    },
    "description_text": {
      "type": "image",
      "width": 425,
      "height": 215,
      "path": "files/4da646e0ae1ea852aef7.png",
      "hint": {
        "untainted": true
      },
      "virtualPath": "image/description_text.png"
    },
    "img_bg_obj": {
      "type": "image",
      "width": 1536,
      "height": 680,
      "path": "files/9793d2988174f0511f2e.png",
      "hint": {
        "untainted": true
      },
      "virtualPath": "image/img_bg_obj.png"
    },
    "img_num_result": {
      "type": "image",
      "width": 936,
      "height": 83,
      "path": "files/ea78f4134a06db3835da.png",
      "hint": {
        "untainted": true
      },
      "virtualPath": "image/img_num_result.png"
    },
    "img_numbers_n": {
      "type": "image",
      "width": 364,
      "height": 32,
      "path": "files/3dcf3291221e5531e18c.png",
      "hint": {
        "untainted": true
      },
      "virtualPath": "image/img_numbers_n.png"
    },
    "img_numbers_n_red": {
      "type": "image",
      "width": 364,
      "height": 32,
      "path": "files/0cbe6151ef7466d9d419.png",
      "hint": {
        "untainted": true
      },
      "virtualPath": "image/img_numbers_n_red.png"
    },
    "img_ui": {
      "type": "image",
      "width": 80,
      "height": 42,
      "path": "files/01701b10cda04e8998d8.png",
      "hint": {
        "untainted": true
      },
      "virtualPath": "image/img_ui.png"
    },
    "nw_common": {
      "type": "image",
      "width": 1024,
      "height": 512,
      "path": "files/95d54170d604ac90c7cf.png",
      "hint": {
        "untainted": true
      },
      "virtualPath": "image/nw_common.png"
    },
    "nw_title": {
      "type": "image",
      "width": 500,
      "height": 316,
      "path": "files/0571240934257c2156ed.png",
      "hint": {
        "untainted": true
      },
      "virtualPath": "image/nw_title.png"
    },
    "obstacle": {
      "type": "image",
      "width": 508,
      "height": 460,
      "path": "files/6f7e2e10d8867f1f340c.png",
      "hint": {
        "untainted": true
      },
      "virtualPath": "image/obstacle.png"
    },
    "result_chara_img_01": {
      "type": "image",
      "width": 410,
      "height": 120,
      "path": "files/f10be5d87e58aaa6e510.png",
      "hint": {
        "untainted": true
      },
      "virtualPath": "image/result_chara_img_01.png"
    },
    "result_chara_img_02": {
      "type": "image",
      "width": 410,
      "height": 120,
      "path": "files/d077c81bfeb507f45d8c.png",
      "hint": {
        "untainted": true
      },
      "virtualPath": "image/result_chara_img_02.png"
    },
    "result_chara_img_03": {
      "type": "image",
      "width": 410,
      "height": 120,
      "path": "files/759e8fcb4890006e06e2.png",
      "hint": {
        "untainted": true
      },
      "virtualPath": "image/result_chara_img_03.png"
    },
    "surfing": {
      "type": "image",
      "width": 1520,
      "height": 114,
      "path": "files/6582caa771270c7a6c59.png",
      "hint": {
        "untainted": true
      },
      "virtualPath": "image/surfing.png"
    },
    "surfing_02": {
      "type": "image",
      "width": 1738,
      "height": 1919,
      "path": "files/ff0b8febf4398383529f.png",
      "hint": {
        "untainted": true
      },
      "virtualPath": "image/surfing_02.png"
    },
    "title_logo": {
      "type": "image",
      "width": 460,
      "height": 200,
      "path": "files/0ec9abb9cac3c3ee75eb.png",
      "hint": {
        "untainted": true
      },
      "virtualPath": "image/title_logo.png"
    },
    "an_before_the_start_still": {
      "type": "text",
      "path": "files/6fb50d0f04c972745391.asaan",
      "virtualPath": "text/an_before_the_start_still.asaan"
    },
    "an_before_the_start_still_1": {
      "type": "text",
      "path": "files/a3b25221b19fca01e93f.asaan",
      "virtualPath": "text/an_before_the_start_still_1.asaan"
    },
    "an_before_the_start_still_2": {
      "type": "text",
      "path": "files/d9f3244a1f1efb51e706.asaan",
      "virtualPath": "text/an_before_the_start_still_2.asaan"
    },
    "an_before_the_start_still_3": {
      "type": "text",
      "path": "files/889cb624e84d52d6bc30.asaan",
      "virtualPath": "text/an_before_the_start_still_3.asaan"
    },
    "an_description_description": {
      "type": "text",
      "path": "files/bea7045f64ad9622149c.asaan",
      "virtualPath": "text/an_description_description.asaan"
    },
    "an_enemy_01_a": {
      "type": "text",
      "path": "files/86a96ed915e8ed88de3b.asaan",
      "virtualPath": "text/an_enemy_01_a.asaan"
    },
    "an_enemy_02_a": {
      "type": "text",
      "path": "files/040fd98bf7afbb2b46a9.asaan",
      "virtualPath": "text/an_enemy_02_a.asaan"
    },
    "an_enemy_03_a": {
      "type": "text",
      "path": "files/aca70128fc833b7dfdda.asaan",
      "virtualPath": "text/an_enemy_03_a.asaan"
    },
    "an_enemy_04_a": {
      "type": "text",
      "path": "files/a0dc8d58ff387416f916.asaan",
      "virtualPath": "text/an_enemy_04_a.asaan"
    },
    "an_fade_LtoR": {
      "type": "text",
      "path": "files/98259d98ae3129ad3805.asaan",
      "virtualPath": "text/an_fade_LtoR.asaan"
    },
    "an_fade_RtoL": {
      "type": "text",
      "path": "files/5b1e7b8941f0e4b73a46.asaan",
      "virtualPath": "text/an_fade_RtoL.asaan"
    },
    "an_gameclear_gameclear": {
      "type": "text",
      "path": "files/c2c4fc4a86a8a9d58ab9.asaan",
      "virtualPath": "text/an_gameclear_gameclear.asaan"
    },
    "an_gameover_gameover": {
      "type": "text",
      "path": "files/024b1bed8568d1c38bf7.asaan",
      "virtualPath": "text/an_gameover_gameover.asaan"
    },
    "an_pc_damage": {
      "type": "text",
      "path": "files/450b85b82652bda69057.asaan",
      "virtualPath": "text/an_pc_damage.asaan"
    },
    "an_pc_nomal": {
      "type": "text",
      "path": "files/4dde7419120941fdf2d0.asaan",
      "virtualPath": "text/an_pc_nomal.asaan"
    },
    "an_pc_return": {
      "type": "text",
      "path": "files/f2c117933a64902b73fe.asaan",
      "virtualPath": "text/an_pc_return.asaan"
    },
    "an_pc_strongest": {
      "type": "text",
      "path": "files/0b07480579dbaa3891c9.asaan",
      "virtualPath": "text/an_pc_strongest.asaan"
    },
    "an_readygo_readygo": {
      "type": "text",
      "path": "files/70d777846ad1472537d0.asaan",
      "virtualPath": "text/an_readygo_readygo.asaan"
    },
    "an_result_result": {
      "type": "text",
      "path": "files/6f24903b9c67d3005f51.asaan",
      "virtualPath": "text/an_result_result.asaan"
    },
    "an_timeout_timeout": {
      "type": "text",
      "path": "files/0ebaabf422a7dfd26436.asaan",
      "virtualPath": "text/an_timeout_timeout.asaan"
    },
    "an_timeup_timeup": {
      "type": "text",
      "path": "files/ab6ae609046aa4ad1b82.asaan",
      "virtualPath": "text/an_timeup_timeup.asaan"
    },
    "an_title_title": {
      "type": "text",
      "path": "files/8db726551e3561f6e285.asaan",
      "virtualPath": "text/an_title_title.asaan"
    },
    "an_wave_flat": {
      "type": "text",
      "path": "files/871362771b710783b0d5.asaan",
      "virtualPath": "text/an_wave_flat.asaan"
    },
    "an_wave_lowermost": {
      "type": "text",
      "path": "files/ded9cd3c63935b2fad51.asaan",
      "virtualPath": "text/an_wave_lowermost.asaan"
    },
    "an_wave_move_l_s": {
      "type": "text",
      "path": "files/20e2c1124742277723b1.asaan",
      "virtualPath": "text/an_wave_move_l_s.asaan"
    },
    "an_wave_move_s_l": {
      "type": "text",
      "path": "files/92d01b32a1839a60c6fb.asaan",
      "virtualPath": "text/an_wave_move_s_l.asaan"
    },
    "bn_before_the_start": {
      "type": "text",
      "path": "files/93366566b5a32c28cf16.asabn",
      "virtualPath": "text/bn_before_the_start.asabn"
    },
    "bn_description": {
      "type": "text",
      "path": "files/1057aabf710b98bb0cd4.asabn",
      "virtualPath": "text/bn_description.asabn"
    },
    "bn_enemy_01": {
      "type": "text",
      "path": "files/86da0641d17846c85369.asabn",
      "virtualPath": "text/bn_enemy_01.asabn"
    },
    "bn_enemy_02": {
      "type": "text",
      "path": "files/ac4cd12086d7991c0612.asabn",
      "virtualPath": "text/bn_enemy_02.asabn"
    },
    "bn_enemy_03": {
      "type": "text",
      "path": "files/d799a6d0af179fc8dda4.asabn",
      "virtualPath": "text/bn_enemy_03.asabn"
    },
    "bn_enemy_04": {
      "type": "text",
      "path": "files/3c0b6aad0bc1985bc6db.asabn",
      "virtualPath": "text/bn_enemy_04.asabn"
    },
    "bn_fade": {
      "type": "text",
      "path": "files/dcb864786b6b3f18f635.asabn",
      "virtualPath": "text/bn_fade.asabn"
    },
    "bn_gameclear": {
      "type": "text",
      "path": "files/d33bf34c9c6c3b883a26.asabn",
      "virtualPath": "text/bn_gameclear.asabn"
    },
    "bn_gameover": {
      "type": "text",
      "path": "files/2c00d5e6e96d2b9e9c91.asabn",
      "virtualPath": "text/bn_gameover.asabn"
    },
    "bn_pc": {
      "type": "text",
      "path": "files/5b833fd6d52538f1656e.asabn",
      "virtualPath": "text/bn_pc.asabn"
    },
    "bn_readygo": {
      "type": "text",
      "path": "files/3336616d9af35e35673b.asabn",
      "virtualPath": "text/bn_readygo.asabn"
    },
    "bn_result": {
      "type": "text",
      "path": "files/9b11a73232fc27f55b91.asabn",
      "virtualPath": "text/bn_result.asabn"
    },
    "bn_timeout": {
      "type": "text",
      "path": "files/3d85c3aaaea560a66e2c.asabn",
      "virtualPath": "text/bn_timeout.asabn"
    },
    "bn_timeup": {
      "type": "text",
      "path": "files/92481669f6e68b21f935.asabn",
      "virtualPath": "text/bn_timeup.asabn"
    },
    "bn_title": {
      "type": "text",
      "path": "files/6cb22255c536e636aef7.asabn",
      "virtualPath": "text/bn_title.asabn"
    },
    "bn_wave": {
      "type": "text",
      "path": "files/c14aba6ee426b3c50826.asabn",
      "virtualPath": "text/bn_wave.asabn"
    },
    "json_bg_obj": {
      "type": "text",
      "path": "files/f823b07e031ef52b8256.json",
      "virtualPath": "text/json_bg_obj.json"
    },
    "json_difficultyParameters": {
      "type": "text",
      "path": "files/c6a7afd769cb275f31b6.json",
      "virtualPath": "text/json_difficultyParameters.json"
    },
    "json_num_result": {
      "type": "text",
      "path": "files/523ce7d90b6b4d120a90.json",
      "virtualPath": "text/json_num_result.json"
    },
    "json_numbers_n": {
      "type": "text",
      "path": "files/5d380489511827bb1c23.json",
      "virtualPath": "text/json_numbers_n.json"
    },
    "json_numbers_n_red": {
      "type": "text",
      "path": "files/073d181a13df8359c10f.json",
      "virtualPath": "text/json_numbers_n_red.json"
    },
    "json_ui": {
      "type": "text",
      "path": "files/c2ab26ecb62a3d1dfb8c.json",
      "virtualPath": "text/json_ui.json"
    },
    "json_map01": {
      "type": "text",
      "path": "files/1b10f16df1699402011b.json",
      "virtualPath": "text/map/json_map01.json"
    },
    "pj_before_the_start": {
      "type": "text",
      "path": "files/bb5a5b9911cc1e873c89.asapj",
      "global": true,
      "virtualPath": "text/pj_before_the_start.asapj"
    },
    "pj_nw_common": {
      "type": "text",
      "path": "files/c3d62f2b1ce42c77052b.asapj",
      "global": true,
      "virtualPath": "text/pj_nw_common.asapj"
    },
    "pj_nw_title": {
      "type": "text",
      "path": "files/23b13fda9b4f19b319b6.asapj",
      "global": true,
      "virtualPath": "text/pj_nw_title.asapj"
    },
    "pj_obstacle": {
      "type": "text",
      "path": "files/53f22e07631cfdc4c000.asapj",
      "global": true,
      "virtualPath": "text/pj_obstacle.asapj"
    },
    "pj_surfing": {
      "type": "text",
      "path": "files/35b3ac0298feaf64250a.asapj",
      "global": true,
      "virtualPath": "text/pj_surfing.asapj"
    },
    "sk_before_the_start": {
      "type": "text",
      "path": "files/a7812dfefde01d574568.asask",
      "virtualPath": "text/sk_before_the_start.asask"
    },
    "sk_description_text": {
      "type": "text",
      "path": "files/fc37356cea500535920e.asask",
      "virtualPath": "text/sk_description_text.asask"
    },
    "sk_nw_common": {
      "type": "text",
      "path": "files/258cabc27541fa0f0d74.asask",
      "virtualPath": "text/sk_nw_common.asask"
    },
    "sk_nw_title": {
      "type": "text",
      "path": "files/e80da56a3901dd11fabb.asask",
      "virtualPath": "text/sk_nw_title.asask"
    },
    "sk_obstacle": {
      "type": "text",
      "path": "files/d01fbc6066bccd28f73c.asask",
      "virtualPath": "text/sk_obstacle.asask"
    },
    "sk_surfing": {
      "type": "text",
      "path": "files/a89e311036b3e09960e5.asask",
      "virtualPath": "text/sk_surfing.asask"
    },
    "sk_surfing_02": {
      "type": "text",
      "path": "files/526375ed06b7683b9ebe.asask",
      "virtualPath": "text/sk_surfing_02.asask"
    },
    "sk_title_logo": {
      "type": "text",
      "path": "files/4171a7654b5ad34ff13e.asask",
      "virtualPath": "text/sk_title_logo.asask"
    },
    "bgm_nico_wave": {
      "type": "audio",
      "path": "files/021d5067e831ad6006b6",
      "systemId": "music",
      "duration": 15119,
      "virtualPath": "audio/bgm/bgm_nico_wave/bgm_nico_wave"
    },
    "se_No8_RollCount2": {
      "type": "audio",
      "path": "files/89338a70708fe9024d13",
      "systemId": "sound",
      "duration": 3995,
      "virtualPath": "audio/common/se_No8_RollCount2/se_No8_RollCount2"
    },
    "se_No8_RollCount_Finish": {
      "type": "audio",
      "path": "files/7647a4b0f5b22cac2e79",
      "systemId": "sound",
      "duration": 665,
      "virtualPath": "audio/common/se_No8_RollCount_Finish/se_No8_RollCount_Finish"
    },
    "se_ready_start": {
      "type": "audio",
      "path": "files/b49a1a08c6db4c6bca9d",
      "systemId": "sound",
      "duration": 1701,
      "virtualPath": "audio/common/se_ready_start/se_ready_start"
    },
    "se_timeup": {
      "type": "audio",
      "path": "files/be15a64f46c61b1fb315",
      "systemId": "sound",
      "duration": 1080,
      "virtualPath": "audio/common/se_timeup/se_timeup"
    },
    "se_No4_Miss": {
      "type": "audio",
      "path": "files/83601fe3c0b653450a5b",
      "systemId": "sound",
      "duration": 1228,
      "virtualPath": "audio/se/se_No4_Miss/se_No4_Miss"
    },
    "se_character03": {
      "type": "audio",
      "path": "files/4e5a76ec53e067f3d794",
      "systemId": "sound",
      "duration": 640,
      "virtualPath": "audio/se/se_character03/se_character03"
    },
    "se_character16": {
      "type": "audio",
      "path": "files/386be96b92d57a181f76",
      "systemId": "sound",
      "duration": 330,
      "virtualPath": "audio/se/se_character16/se_character16"
    },
    "se_comedy10": {
      "type": "audio",
      "path": "files/3dd8444c7e71076ae719",
      "systemId": "sound",
      "duration": 501,
      "virtualPath": "audio/se/se_comedy10/se_comedy10"
    },
    "se_wave_tap": {
      "type": "audio",
      "path": "files/16721f06cbac4f5f33e6",
      "systemId": "sound",
      "duration": 474,
      "virtualPath": "audio/se/se_wave_tap/se_wave_tap"
    },
    "mainScene": {
      "type": "script",
      "global": true,
      "path": "files/04ef22b752657e08b66f.js",
      "virtualPath": "script/mainScene.js"
    }
  },
  "globalScripts": [],
  "moduleMainScripts": {
    "@akashic-extension/akashic-animation": "node_modules/@akashic-extension/akashic-animation/lib/index.js",
    "@akashic-extension/akashic-timeline": "node_modules/@akashic-extension/akashic-timeline/lib/index.js"
  },
  "environment": {
    "niconico": {
      "supportedModes": [
        "ranking"
      ],
      "preferredSessionParameters": {
        "totalTimeLimit": 77
      }
    },
    "external": {
      "send": "0"
    },
    "akashic-runtime": {
      "version": "~1.1.16"
    }
  },
  "exportZipInfo": {
    "version": "0.9.0",
    "option": {
      "force": true,
      "strip": true,
      "minify": false,
      "bundle": true,
      "babel": true,
      "omitEmptyJs": true,
      "targetService": "nicolive"
    }
  }
}