{"frames": {

"numbers_n_01.png":
{
	"frame": {"x":1,"y":1,"w":26,"h":30},
	"rotated": false,
	"trimmed": false,
	"spriteSourceSize": {"x":0,"y":0,"w":26,"h":30},
	"sourceSize": {"w":26,"h":30},
	"pivot": {"x":0.5,"y":0.5}
},
"numbers_n_02.png":
{
	"frame": {"x":29,"y":1,"w":26,"h":30},
	"rotated": false,
	"trimmed": false,
	"spriteSourceSize": {"x":0,"y":0,"w":26,"h":30},
	"sourceSize": {"w":26,"h":30},
	"pivot": {"x":0.5,"y":0.5}
},
"numbers_n_03.png":
{
	"frame": {"x":57,"y":1,"w":26,"h":30},
	"rotated": false,
	"trimmed": false,
	"spriteSourceSize": {"x":0,"y":0,"w":26,"h":30},
	"sourceSize": {"w":26,"h":30},
	"pivot": {"x":0.5,"y":0.5}
},
"numbers_n_04.png":
{
	"frame": {"x":85,"y":1,"w":26,"h":30},
	"rotated": false,
	"trimmed": false,
	"spriteSourceSize": {"x":0,"y":0,"w":26,"h":30},
	"sourceSize": {"w":26,"h":30},
	"pivot": {"x":0.5,"y":0.5}
},
"numbers_n_05.png":
{
	"frame": {"x":113,"y":1,"w":26,"h":30},
	"rotated": false,
	"trimmed": false,
	"spriteSourceSize": {"x":0,"y":0,"w":26,"h":30},
	"sourceSize": {"w":26,"h":30},
	"pivot": {"x":0.5,"y":0.5}
},
"numbers_n_06.png":
{
	"frame": {"x":141,"y":1,"w":26,"h":30},
	"rotated": false,
	"trimmed": false,
	"spriteSourceSize": {"x":0,"y":0,"w":26,"h":30},
	"sourceSize": {"w":26,"h":30},
	"pivot": {"x":0.5,"y":0.5}
},
"numbers_n_07.png":
{
	"frame": {"x":169,"y":1,"w":26,"h":30},
	"rotated": false,
	"trimmed": false,
	"spriteSourceSize": {"x":0,"y":0,"w":26,"h":30},
	"sourceSize": {"w":26,"h":30},
	"pivot": {"x":0.5,"y":0.5}
},
"numbers_n_08.png":
{
	"frame": {"x":197,"y":1,"w":26,"h":30},
	"rotated": false,
	"trimmed": false,
	"spriteSourceSize": {"x":0,"y":0,"w":26,"h":30},
	"sourceSize": {"w":26,"h":30},
	"pivot": {"x":0.5,"y":0.5}
},
"numbers_n_09.png":
{
	"frame": {"x":225,"y":1,"w":26,"h":30},
	"rotated": false,
	"trimmed": false,
	"spriteSourceSize": {"x":0,"y":0,"w":26,"h":30},
	"sourceSize": {"w":26,"h":30},
	"pivot": {"x":0.5,"y":0.5}
},
"numbers_n_10.png":
{
	"frame": {"x":253,"y":1,"w":26,"h":30},
	"rotated": false,
	"trimmed": false,
	"spriteSourceSize": {"x":0,"y":0,"w":26,"h":30},
	"sourceSize": {"w":26,"h":30},
	"pivot": {"x":0.5,"y":0.5}
},
"numbers_n_11.png":
{
	"frame": {"x":281,"y":1,"w":26,"h":30},
	"rotated": false,
	"trimmed": false,
	"spriteSourceSize": {"x":0,"y":0,"w":26,"h":30},
	"sourceSize": {"w":26,"h":30},
	"pivot": {"x":0.5,"y":0.5}
},
"numbers_n_12.png":
{
	"frame": {"x":309,"y":1,"w":26,"h":30},
	"rotated": false,
	"trimmed": false,
	"spriteSourceSize": {"x":0,"y":0,"w":26,"h":30},
	"sourceSize": {"w":26,"h":30},
	"pivot": {"x":0.5,"y":0.5}
},
"numbers_n_13.png":
{
	"frame": {"x":337,"y":1,"w":26,"h":30},
	"rotated": false,
	"trimmed": false,
	"spriteSourceSize": {"x":0,"y":0,"w":26,"h":30},
	"sourceSize": {"w":26,"h":30},
	"pivot": {"x":0.5,"y":0.5}
}},
"meta": {
	"app": "http://www.codeandweb.com/texturepacker",
	"version": "1.0",
	"image": "numbers_n.png",
	"format": "RGBA8888",
	"size": {"w":364,"h":32},
	"scale": "1",
	"smartupdate": "$TexturePacker:SmartUpdate:05222a943c43a07867093fc348c4acd0:35ec765351f62f663deefb91e8ae8dfd:0b2e32be45b4a8fc09272141b829940a$"
}
}
